house_name,house_link,average_price,house_address,floor_plan,floor_size,house_id
碧桂园云樾金沙,https://fs.fang.anjuke.com/loupan/479505.html?from=AF_RANK_2,18000,里水大道南105号 （距广佛高速沙涌收费...,"('3', '4')","('87', '123')",fs0201h001
碧桂园世纪中心,https://fs.fang.anjuke.com/loupan/504594.html?from=AF_RANK_3,17000,东平社区裕和路155号,"('3', '4')","('126', '142')",fs0301h001
北滘碧桂园凤凰台,https://fs.fang.anjuke.com/loupan/504007.html?from=AF_RANK_4,9500,马龙村骏悦路4号,"('2', '3')","('98', '230')",fs0302h001
保利新汇城,https://fs.fang.anjuke.com/loupan/450816.html?from=AF_RANK_5,14000,隆昌街6号,"('3', '4')","('86', '121')",fs0101h001
广佛保利城,https://fs.fang.anjuke.com/loupan/473090.html?from=AF_RANK_6,10500,荔村村教育路东3号和教育路西2号,"('3', '4')","('73', '121')",fs0303h001
保利学府里,https://fs.fang.anjuke.com/loupan/504157.html?from=AF_RANK_7,7100,云东海大道5号,"('3', '4')","('97', '125')",fs0401h001
越秀·星汇灯湖,https://fs.fang.anjuke.com/loupan/529675.html?from=AF_RANK_8,-1,海八西路3号（南海全民健身公园旁）,"('3', '4')","('86', '106')",fs0202h001
保利·和著,https://fs.fang.anjuke.com/loupan/523859.html?from=AF_RANK_9,22500,深海路63号（佛山南海保时捷中心旁）,"('-1', '-1')","('119', '163')",fs0203h001
五矿万境水岸,https://fs.fang.anjuke.com/loupan/516361.html?from=AF_RANK_10,19000,乔岸路以南、环湖路以西,"('3', '4')","('102', '263')",fs0304h001
华福·金湾水岸,https://fs.fang.anjuke.com/loupan/518663.html?from=AF_RANK_11,13500,常教社区伦教水厂路11号,"('3', '4')","('95', '175')",fs0303h002
万科金域半岛,https://fs.fang.anjuke.com/loupan/502858.html?from=AF_RANK_12,12500,善德路16号,"('3', '4')","('87', '116')",fs0102h001
保利琅悦,https://fs.fang.anjuke.com/loupan/523802.html?from=AF_RANK_13,25000,桂澜路西侧、绿景东路北侧,"('3', '4')","('89', '173')",fs0203h002
保利天际|保利天悦,https://fs.fang.anjuke.com/loupan/520737.html?from=AF_RANK_14,9999,清风西路36号,"('-1', '-1')","('63', '158')",fs0203h003
保利时光印象,https://fs.fang.anjuke.com/loupan/469519.html?from=AF_RANK_15,9000,细滘社区105国道细滘段1号,"('2', '3')","('69', '96')",fs0305h001
保利中交大都汇,https://fs.fang.anjuke.com/loupan/460040.html?from=AF_RANK_16,12000,登贤大道30号,"('3', '4')","('93', '141')",fs0102h002
保利清能和府,https://fs.fang.anjuke.com/loupan/495172.html?from=AF_RANK_17,7699,映海路29号,"('3', '4')","('80', '113')",fs0401h002
美的鹭湖森林度假区,https://fs.fang.anjuke.com/loupan/298374.html?from=AF_RANK_18,7000,高明大道中218号,"('2', '3')","('77', '264')",fs0501h001
保利珺悦府,https://fs.fang.anjuke.com/loupan/515585.html?from=AF_RANK_19,21000,北滘新城美的大道地铁站D出口,"('-1', '-1')","('119', '240')",fs0302h002
保利智慧云城,https://fs.fang.anjuke.com/loupan/511155.html?from=AF_RANK_20,9500,齐宁路,"('3', '4')","('84', '137')",fs0306h001
绿地未来城,https://fs.fang.anjuke.com/loupan/432327.html?from=AF_RANK_21,7500,昌荣路与泰华路交汇处,"('-1', '-1')","('95', '115')",fs0103h001
保利·湖光里,https://fs.fang.anjuke.com/loupan/526454.html?from=AF_RANK_22,1300,博爱湖旁,"('-1', '-1')","('160', '275')",fs0204h001
映月湖保利天珺,https://fs.fang.anjuke.com/loupan/489848.html?from=AF_RANK_23,28000,夏东信北路映月湖公园西北侧,"('3', '4')","('87', '288')",fs0203h004
越秀·星汇文瀚,https://fs.fang.anjuke.com/loupan/517366.html?from=AF_RANK_24,22000,清风路118号,"('2', '3')","('84', '113')",fs0203h005
电建地产·岭南华曦府,https://fs.fang.anjuke.com/loupan/525471.html?from=AF_RANK_25,16500,东乐路,"('3', '4')","('98', '135')",fs0304h002
保利云上,https://fs.fang.anjuke.com/loupan/243853.html?from=AF_RANK_26,165,学海中路1号,"('-1', '-1')","('144', '1033')",fs0401h003
首开平湖如院,https://fs.fang.anjuke.com/loupan/509723.html?from=AF_RANK_27,15000,东平社区百顺路31号,"('3', '4')","('95', '140')",fs0301h002
保利华侨城云禧,https://fs.fang.anjuke.com/loupan/471787.html?from=AF_RANK_28,21000,科丰路10号,"('3', '4')","('98', '171')",fs0203h006
城发·灯湖悦园,https://fs.fang.anjuke.com/loupan/520234.html?from=AF_RANK_29,18000,海五路与货站路交汇处,"('2', '3')","('83', '118')",fs0101h002
保利御江南,https://fs.fang.anjuke.com/loupan/474368.html?from=AF_RANK_30,7500,金泉大道3号,"('3', '4')","('97', '190')",fs0402h001
唯美臻岸华府,https://fs.fang.anjuke.com/loupan/459535.html?from=AF_RANK_31,11000,新基北路新基三桥桂畔海旁,"('3', '4')","('98', '230')",fs0304h003
保利德胜天汇,https://fs.fang.anjuke.com/loupan/522037.html?from=AF_RANK_32,23000,苏岗社区德民东路8号,"('-1', '-1')","('108', '216')",fs0304h004
新怡明德世家,https://fs.fang.anjuke.com/loupan/525528.html?from=AF_RANK_33,14500,皇朝西路与建设西路交汇处,"('3', '4')","('93', '137')",fs0205h001
龙湖江与城,https://fs.fang.anjuke.com/loupan/490129.html?from=AF_RANK_34,12500,龙湖江与城营销中心（3号线伦教站旁）,"('3', '4')","('85', '122')",fs0303h003
金辉辉逸云庭,https://fs.fang.anjuke.com/loupan/485694.html?from=AF_RANK_35,12000,科翔路2号,"('2', '3')","('67', '142')",fs0102h003
保利时代天珀,https://fs.fang.anjuke.com/loupan/473205.html?from=AF_RANK_36,18000,货站路49号,"('3', '4')","('97', '133')",fs0101h003
万科世纪灯湖·瑧府,https://fs.fang.anjuke.com/loupan/520371.html?from=AF_RANK_37,50000,南海区华翠北路与宝石西路交汇处西南侧,"('4', '5')","('143', '237')",fs0202h002
保利铂悦府,https://fs.fang.anjuke.com/loupan/510428.html?from=AF_RANK_38,10500,容里社区昌明西路3号,"('3', '4')","('93', '141')",fs0305h002
东建天赋龙湾,https://fs.fang.anjuke.com/loupan/525658.html?from=AF_RANK_39,18000,莲瑞街2号,"('3', '4')","('97', '187')",fs0103h002
保利锦鲤堂悦,https://fs.fang.anjuke.com/loupan/529503.html?from=AF_RANK_40,-1,海三路叠滘地铁站旁,"('3', '4')","('89', '122')",fs0101h004
保利天瓒,https://fs.fang.anjuke.com/loupan/526376.html?from=AF_RANK_41,35000,西区三横路15号,"('3', '4')","('120', '198')",fs0205h002
海伦堡玖悦澜湾,https://fs.fang.anjuke.com/loupan/495198.html?from=AF_RANK_42,10000,凤跃路6号,"('3', '4')","('95', '130')",fs0102h004
海骏达康格斯,https://fs.fang.anjuke.com/loupan/243760.html?from=AF_RANK_43,10000,105国道大良路段（大良古楼旁）,"('3', '4')","('88', '151')",fs0304h005
保利湖映琅悦,https://fs.fang.anjuke.com/loupan/526351.html?from=AF_RANK_44,14500,荷湖北路33号,"('-1', '-1')","('109', '258')",fs0401h004
招商华玺,https://fs.fang.anjuke.com/loupan/521547.html?from=AF_RANK_45,65000,宝石西路北侧、宝宜路东侧、华永路南侧...,"('3', '4')","('160', '322')",fs0203h007
顺控•桂樾台,https://fs.fang.anjuke.com/loupan/521150.html?from=AF_RANK_46,10000,文海中路12号,"('-1', '-1')","('89', '125')",fs0305h003
时代灯湖天境,https://fs.fang.anjuke.com/loupan/482308.html?from=AF_RANK_47,21000,海八路,"('3', '4')","('88', '280')",fs0202h003
越秀·阅湖台,https://fs.fang.anjuke.com/loupan/497943.html?from=AF_RANK_48,17000,孝德湖公园东侧,"('2', '3')","('93', '230')",fs0206h001
港龙滨江公园,https://fs.fang.anjuke.com/loupan/505360.html?from=AF_RANK_49,11000,常教社区水厂路13号,"('3', '4')","('83', '136')",fs0303h004
大华紫樾府,https://fs.fang.anjuke.com/loupan/511110.html?from=AF_RANK_50,16000,季华路二路与禅西大道交汇处（三轨TOD...,"('-1', '-1')","('142', '168')",fs0103h003
桂南星晴公馆,https://fs.fang.anjuke.com/loupan/459021.html?from=AF_RANK_51,18000,桂城街道南桂东路58号,"('2', '3')","('68', '112')",fs0203h008
乐平嘉洲广场,https://fs.fang.anjuke.com/loupan/522337.html?from=AF_RANK_52,4900,乐平大道72号,"('-1', '-1')","('38', '84')",fs0403h001
大学城禾粤,https://fs.fang.anjuke.com/loupan/528755.html?from=AF_RANK_53,8200,和众路3号,"('1', '3')","('35', '123')",fs0204h002
合景新鸿基泷景,https://fs.fang.anjuke.com/loupan/250361.html?from=AF_RANK_54,15500,前进路19号,"('3', '4')","('85', '188')",fs0104h001
爱情力高印玥万璟,https://fs.fang.anjuke.com/loupan/499858.html?from=AF_RANK_55,10500,聚福路9号（顺德容桂客运站北侧）,"('3', '4')","('70', '103')",fs0305h004
华侨城·半月岛纯水岸,https://fs.fang.anjuke.com/loupan/523168.html?from=AF_RANK_56,24000,华祥路9号,"('-1', '-1')","('140', '227')",fs0105h001
保利天际,https://fs.fang.anjuke.com/loupan/453819.html?from=AF_RANK_57,16000,海五路与锦园路交汇,"('-1', '-1')","('75', '158')",fs0202h004
顺德金融街金悦府,https://fs.fang.anjuke.com/loupan/490784.html?from=AF_RANK_58,13000,横三路弼教段2号,"('3', '4')","('88', '138')",fs0307h001
海逸文汇轩,https://fs.fang.anjuke.com/loupan/482082.html?from=AF_RANK_59,8800,永安大道西230号（东风水库旁）,"('3', '4')","('85', '128')",fs0204h003
保利阅江台.江缦,https://fs.fang.anjuke.com/loupan/523856.html?from=AF_RANK_60,26000,佛山市顺德区陈村镇华阳路东侧,"('-1', '-1')","('143', '198')",fs0307h002
顺峰府,https://fs.fang.anjuke.com/loupan/525498.html?from=AF_RANK_1,18000,府又社区桂峰路22号,"('2', '3')","('90', '300')",fs0304h006
城发·榕华里,https://fs.fang.anjuke.com/loupan/505493.html?from=AF_RANK_2,11000,南庄大道,"('3', '4')","('75', '103')",fs0102h005
顺控金地·熙悦湾,https://fs.fang.anjuke.com/loupan/518868.html?from=AF_RANK_3,8500,南国西路,"('2', '3')","('86', '130')",fs0308h001
碧桂园凤凰湾,https://fs.fang.anjuke.com/loupan/412212.html?from=AF_RANK_4,11000,容桂街道外环路45号,"('2', '3')","('88', '210')",fs0305h005
顺伦海心明月,https://fs.fang.anjuke.com/loupan/522744.html?from=AF_RANK_5,13500,彩虹路东伦教大涌南,"('3', '4')","('75', '174')",fs0303h005
顺控·凤起观澜,https://fs.fang.anjuke.com/loupan/525840.html?from=AF_RANK_6,18500,德胜新城德胜中路（金凤凰旁）,"('4', '5')","('153', '232')",fs0304h007
新睿广场,https://fs.fang.anjuke.com/loupan/449077.html?from=AF_RANK_7,7000,岭南大道南10号（佛山新闻中心南侧）,"('-1', '-1')","('68', '88')",fs0301h003
美的卓越好时光,https://fs.fang.anjuke.com/loupan/500054.html?from=AF_RANK_8,13500,裕和路,"('3', '4')","('82', '125')",fs0302h003
新明珠江畔明珠,https://fs.fang.anjuke.com/loupan/499386.html?from=AF_RANK_9,6000,三水大道427号,"('2', '3')","('69', '113')",fs0404h001
欧浦花城,https://fs.fang.anjuke.com/loupan/506337.html?from=AF_RANK_10,4700,杨西大道135号,"('-1', '-1')","('99', '113')",fs0501h002
中海山语湖·天誉,https://fs.fang.anjuke.com/loupan/383751.html?from=AF_RANK_11,11000,山语湖销售中心,"('3', '4')","('89', '126')",fs0201h002
世茂弘阳绿岛湖公馆,https://fs.fang.anjuke.com/loupan/481901.html?from=AF_RANK_12,12000,弘德北路25号,"('3', '4')","('95', '140')",fs0102h006
远大建管·帝景湾,https://fs.fang.anjuke.com/loupan/512471.html?from=AF_RANK_13,11000,伦常北路,"('3', '4')","('85', '140')",fs0303h006
保利天汇,https://fs.fang.anjuke.com/loupan/511130.html?from=AF_RANK_14,28000,清风东路南侧、聚元北路西侧、夏南路东...,"('4', '5')","('129', '299')",fs0203h009
黎明嘉园,https://fs.fang.anjuke.com/loupan/517330.html?from=AF_RANK_15,8500,黎明一路18号,"('-1', '-1')","('72', '177')",fs0106h001
路劲天隽汇,https://fs.fang.anjuke.com/loupan/449320.html?from=AF_RANK_16,8999,容奇大道27号,"('3', '4')","('79', '198')",fs0305h006
旭辉清樾,https://fs.fang.anjuke.com/loupan/446528.html?from=AF_RANK_17,11000,马村骏悦路2号,"('3', '4')","('89', '118')",fs0302h004
新希望悦珑湾,https://fs.fang.anjuke.com/loupan/495284.html?from=AF_RANK_18,16000,横五路与勤政东路交汇处,"('3', '4')","('78', '126')",fs0307h003
瀚洋居,https://fs.fang.anjuke.com/loupan/415788.html?from=AF_RANK_19,6500,锦欣路2号,"('2', '3')","('68', '122')",fs0402h002
狮山锦绣半岛,https://fs.fang.anjuke.com/loupan/246812.html?from=AF_RANK_20,12000,狮山街道办事处科技北路1号,"('3', '4')","('100', '160')",fs0204h004
顺控·博悦湾新翼,https://fs.fang.anjuke.com/loupan/523523.html?from=AF_RANK_21,11000,碧桂园社区科贤路1号,"('-1', '-1')","('123', '138')",fs0302h005
顺德悦府,https://fs.fang.anjuke.com/loupan/513519.html?from=AF_RANK_22,26000,府又社区锦上路6号、4号,"('3', '4')","('143', '260')",fs0304h008
东建明德城,https://fs.fang.anjuke.com/loupan/515721.html?from=AF_RANK_23,23000,长德路9号,"('3', '4')","('85', '144')",fs0101h005
中交白兰春晓,https://fs.fang.anjuke.com/loupan/473260.html?from=AF_RANK_24,16000,河滨路11号,"('3', '4')","('78', '120')",fs0101h006
华侨城·天鹅堡二期,https://fs.fang.anjuke.com/loupan/518184.html?from=AF_RANK_25,20000,碧桂路以东、乔岸路以北,"('-1', '-1')","('143', '315')",fs0304h009
万科璞悦山,https://fs.fang.anjuke.com/loupan/504875.html?from=AF_RANK_26,20000,三山新城环岛东路8号,"('-1', '-1')","('118', '143')",fs0203h010
保利秀台天珺,https://fs.fang.anjuke.com/loupan/511128.html?from=AF_RANK_27,60000,华远东路129号,"('-1', '-1')","('-1', '-1')",fs0104h002
旭辉恒基铂仕湾,https://fs.fang.anjuke.com/loupan/503603.html?from=AF_RANK_28,16000,智慧路1号碧桂园世纪滨江科创大厦西南...,"('3', '4')","('97', '140')",fs0103h004
滨江首府商业,https://fs.fang.anjuke.com/loupan/502462.html?from=AF_RANK_29,8000,扶西横路2号,"('-1', '-1')","('35', '43')",fs0101h007
万科天空之城,https://fs.fang.anjuke.com/loupan/480903.html?from=AF_RANK_30,20000,环岛南路27号（南海有轨电车1号文翰湖...,"('-1', '-1')","('130', '168')",fs0203h011
中建壹品湖北文旅东湖学府,https://fs.fang.anjuke.com/loupan/490459.html?from=AF_RANK_31,12000,新有中路66号、68号,"('3', '4')","('88', '140')",fs0305h007
美的云悦江山,https://fs.fang.anjuke.com/loupan/472990.html?from=AF_RANK_32,17000,高村村美的大道2号,"('2', '3')","('83', '142')",fs0302h006
美的世茂滨江壹号,https://fs.fang.anjuke.com/loupan/488202.html?from=AF_RANK_33,15000,南江社区德胜西路2号,"('3', '4')","('98', '142')",fs0304h010
保利广佛湾堂悦,https://fs.fang.anjuke.com/loupan/520812.html?from=AF_RANK_34,26500,黄岐广佛路135号,"('-1', '-1')","('119', '188')",fs0205h003
太平洋国际,https://fs.fang.anjuke.com/loupan/405045.html?from=AF_RANK_35,13500,赤花白陈路1号,"('2', '3')","('87', '235')",fs0307h004
方直星耀国际,https://fs.fang.anjuke.com/loupan/497860.html?from=AF_RANK_36,8500,容边社区天河北路16号,"('3', '4')","('89', '125')",fs0305h008
涛汇鎏金湾瑞府,https://fs.fang.anjuke.com/loupan/521942.html?from=AF_RANK_37,13500,南江社区德胜西路10号,"('-1', '-1')","('120', '140')",fs0304h011
美的西江府,https://fs.fang.anjuke.com/loupan/431280.html?from=AF_RANK_38,8300,左滩甘竹大道48号（新世纪乐园旁）,"('3', '4')","('91', '178')",fs0309h001
碧桂园灯湖盛世,https://fs.fang.anjuke.com/loupan/498050.html?from=AF_RANK_39,-1,永胜西路22号万达广场旁,"('3', '4')","('95', '130')",fs0202h005
星星凯旋国际,https://fs.fang.anjuke.com/loupan/480770.html?from=AF_RANK_40,13000,季华七路1号、季华七路3号1-4座,"('-1', '-1')","('85', '125')",fs0101h008
建发·灯湖缦云,https://fs.fang.anjuke.com/loupan/526077.html?from=AF_RANK_41,50000,佛山·千灯湖·一线滨江公园旁,"('-1', '-1')","('-1', '-1')",fs0205h004
顺德自在城,https://fs.fang.anjuke.com/loupan/460417.html?from=AF_RANK_42,7800,顺德高新区西部启动区杏坛二环旁,"('2', '3')","('83', '113')",fs0306h002
深业旗山雅苑,https://fs.fang.anjuke.com/loupan/481484.html?from=AF_RANK_43,13000,里水大道南东侧地段（佛山一环盐南出口...,"('3', '4')","('84', '113')",fs0201h003
保利碧桂园天汇云湾,https://fs.fang.anjuke.com/loupan/489279.html?from=AF_RANK_44,9000,桂澜南路86号,"('-1', '-1')","('43', '126')",fs0105h002
卓越蔚蓝星宸,https://fs.fang.anjuke.com/loupan/490881.html?from=AF_RANK_45,7600,滨水新城菊花湾大桥侧,"('3', '4')","('79', '109')",fs0308h002
金地艺境天成,https://fs.fang.anjuke.com/loupan/437336.html?from=AF_RANK_46,6500,锦塘路12号（珠三角环线北江东出口月亮...,"('3', '4')","('85', '211')",fs0405h001
佳兆业广雅院,https://fs.fang.anjuke.com/loupan/485864.html?from=AF_RANK_47,19000,夏平西路3号,"('3', '4')","('84', '126')",fs0203h012
佛罗伦萨小镇社区,https://fs.fang.anjuke.com/loupan/422981.html?from=AF_RANK_48,10000,疏港路28号（林岳北站B出口）,"('-1', '-1')","('75', '193')",fs0203h013
智富新天地,https://fs.fang.anjuke.com/loupan/527223.html?from=AF_RANK_49,7500,高赞村高桂大道北28号,"('2', '3')","('71', '106')",fs0306h003
保利时代,https://fs.fang.anjuke.com/loupan/469777.html?from=AF_RANK_50,7599,映海路以西,"('3', '4')","('95', '125')",fs0401h005
中恒海晖城,https://fs.fang.anjuke.com/loupan/243894.html?from=AF_RANK_51,10500,桂丹路99号,"('2', '3')","('64', '138')",fs0204h005
中盛龙骧水岸,https://fs.fang.anjuke.com/loupan/525185.html?from=AF_RANK_52,16000,太平大道6号,"('3', '4')","('88', '115')",fs0205h005
保利中央公园,https://fs.fang.anjuke.com/loupan/251517.html?from=AF_RANK_53,6999,南丰大道66号,"('-1', '-1')","('170', '190')",fs0401h006
保利和府,https://fs.fang.anjuke.com/loupan/503987.html?from=AF_RANK_54,13300,桂丹路旁,"('3', '4')","('82', '125')",fs0204h006
龙光玖誉台,https://fs.fang.anjuke.com/loupan/491578.html?from=AF_RANK_55,21000,港口路21号,"('3', '4')","('99', '200')",fs0104h003
凯蓝锦伦华庭,https://fs.fang.anjuke.com/loupan/471469.html?from=AF_RANK_56,10000,羊大路与康健路交汇处,"('2', '3')","('32', '79')",fs0303h007
越秀·御湖台,https://fs.fang.anjuke.com/loupan/514226.html?from=AF_RANK_57,19000,博爱湖南湖兴业路东,"('3', '4')","('95', '285')",fs0204h007
爱情长信印玥台,https://fs.fang.anjuke.com/loupan/489868.html?from=AF_RANK_58,6800,高明大道东163号(高明汽车客运站旁),"('3', '4')","('89', '119')",fs0502h001
广佛新世界庄园别墅,https://fs.fang.anjuke.com/loupan/432841.html?from=AF_RANK_59,450,高尔夫路333号,"('-1', '-1')","('350', '672')",fs0204h008
保利紫山,https://fs.fang.anjuke.com/loupan/247602.html?from=AF_RANK_60,16000,里水大道南紫泉公馆,"('2', '3')","('78', '185')",fs0201h004
万科理想花地·傲璟,https://gz.fang.anjuke.com/loupan/529505.html?from=AF_RANK_1,49300,喜鹊路以北、东漖北路以东广信花地湾地...,"('2', '3')","('74', '143')",gz0201h001
万科黄埔新城,https://gz.fang.anjuke.com/loupan/503325.html?from=AF_RANK_2,33000,南岗街沙步大路2号（夏园地铁站约600米...,"('3', '4')","('75', '143')",gz0601h001
广州城投·禧悦时光,https://gz.fang.anjuke.com/loupan/527146.html?from=AF_RANK_3,17000,广花新城·雅源地铁站上盖（在建中）,"('3', '4')","('78', '118')",gz0801h001
凯德·山海连城,https://gz.fang.anjuke.com/loupan/409343.html?from=AF_RANK_4,22000,利丰大道连海路凯德山海连城,"('3', '4')","('85', '210')",gz0701h001
珠江·天河都荟,https://gz.fang.anjuke.com/loupan/529446.html?from=AF_RANK_5,-1,地铁21号线天河智慧城站,"('3', '4')","('72', '152')",gz0301h001
万博·广地花园,https://gz.fang.anjuke.com/loupan/454477.html?from=AF_RANK_6,33000,南村镇番禺大道北27号,"('3', '4')","('96', '122')",gz0702h001
南驰都湖国际,https://gz.fang.anjuke.com/loupan/418669.html?from=AF_RANK_7,26000,新华路96号（花都湖公园旁）,"('3', '4')","('125', '247')",gz0801h002
保利天奕,https://gz.fang.anjuke.com/loupan/529564.html?from=AF_RANK_8,-1,扬展街8号,"('-1', '-1')","('120', '190')",gz0401h001
新世界天馥,https://gz.fang.anjuke.com/loupan/518479.html?from=AF_RANK_9,41000,（5号线首发站）珠江桥南侧花卉研究所...,"('3', '4')","('76', '139')",gz0201h002
广州城投·天禧,https://gz.fang.anjuke.com/loupan/525421.html?from=AF_RANK_10,46000,智慧城华观路与大观中路交界处（地铁天...,"('3', '4')","('108', '138')",gz0301h002
绿城馥香园,https://gz.fang.anjuke.com/loupan/529362.html?from=AF_RANK_11,-1,南洲地铁站C1出口（2号线、广佛线交汇...,"('-1', '-1')","('102', '129')",gz0402h001
广州地铁地产·珑岄上城,https://gz.fang.anjuke.com/loupan/529307.html?from=AF_RANK_12,-1,5号线双沙站,"('3', '4')","('74', '125')",gz0601h002
中海亚运城,https://gz.fang.anjuke.com/loupan/238888.html?from=AF_RANK_13,25000,石楼镇康体路43号亚运城营销中心,"('3', '4')","('89', '237')",gz0701h002
广州增城万科城,https://gz.fang.anjuke.com/loupan/463829.html?from=AF_RANK_14,11000,新新四路5号,"('-1', '-1')","('79', '101')",gz0901h001
中建·未来方洲,https://gz.fang.anjuke.com/loupan/524531.html?from=AF_RANK_15,43000,5号线文冲地铁站旁,"('3', '4')","('79', '142')",gz0601h003
广州城投·领南府,https://gz.fang.anjuke.com/loupan/510914.html?from=AF_RANK_16,32000,石洲中路 2、7号线石壁站C出口约300米,"('3', '4')","('98', '143')",gz0703h001
越秀·江湾潮起,https://gz.fang.anjuke.com/loupan/529667.html?from=AF_RANK_17,-1,环岛路,"('-1', '-1')","('-1', '-1')",gz0402h002
保利瑧誉,https://gz.fang.anjuke.com/loupan/518863.html?from=AF_RANK_18,55000,东漖南路与东漖北路交汇处（坑口地铁站...,"('-1', '-1')","('107', '170')",gz0201h003
保利琅誉,https://gz.fang.anjuke.com/loupan/521051.html?from=AF_RANK_19,38000,广州中轴 · 番禺广场TOD · 傍雁路,"('-1', '-1')","('92', '132')",gz0704h001
中海大境,https://gz.fang.anjuke.com/loupan/524682.html?from=AF_RANK_20,85000,上涌果树公园北侧地块,"('3', '4')","('125', '270')",gz0403h001
华润置地长隆万博悦府,https://gz.fang.anjuke.com/loupan/519880.html?from=AF_RANK_21,62000,番禺区汉溪大道北侧,"('4', '5')","('108', '300')",gz0705h001
越秀·天荟江湾,https://gz.fang.anjuke.com/loupan/498415.html?from=AF_RANK_22,25000,大干围12号,"('-1', '-1')","('36', '293')",gz0402h003
越秀珠实·皓悦滨江,https://gz.fang.anjuke.com/loupan/530130.html?from=AF_RANK_23,-1,滨江中路·大元帅府旁,"('-1', '-1')","('-1', '-1')",gz0404h001
淘金半山豪庭·御庭,https://gz.fang.anjuke.com/loupan/422828.html?from=AF_RANK_24,100000,淘金街48号,"('2', '3')","('85', '205')",gz0101h001
龙湖·金地天峯,https://gz.fang.anjuke.com/loupan/501062.html?from=AF_RANK_25,35000,亚运大道与傍雁路交汇处,"('4', '5')","('133', '141')",gz0702h002
华润置地·公园上城,https://gz.fang.anjuke.com/loupan/489000.html?from=AF_RANK_26,20000,广深大道西499号之六,"('3', '4')","('77', '129')",gz0901h002
龙湖·御湖境,https://gz.fang.anjuke.com/loupan/520700.html?from=AF_RANK_27,44000,广州市番禺区星河湾旁,"('-1', '-1')","('143', '206')",gz0705h002
悦美小城,https://gz.fang.anjuke.com/loupan/467447.html?from=AF_RANK_28,5500,山前旅游大道168号,"('3', '4')","('89', '258')",gz0802h001
诚汇新都·榕诚湾,https://gz.fang.anjuke.com/loupan/515275.html?from=AF_RANK_29,36000,茶滘路与花海路交汇,"('3', '4')","('85', '168')",gz0201h004
越秀·白云·星汇城,https://gz.fang.anjuke.com/loupan/513983.html?from=AF_RANK_30,18000,14号线钟落潭地铁站旁300米，广龙地块...,"('3', '4')","('74', '116')",gz0501h001
中旅·璞樾天序,https://gz.fang.anjuke.com/loupan/527203.html?from=AF_RANK_31,21000,新华街道·花城路地铁D出口 中旅北站商...,"('3', '4')","('80', '129')",gz0803h001
中建·白云之星,https://gz.fang.anjuke.com/loupan/528565.html?from=AF_RANK_32,-1,鹤龙街设计之都黄边公园位置,"('-1', '-1')","('128', '226')",gz0502h001
世纪金源·天河源筑,https://gz.fang.anjuke.com/loupan/517574.html?from=AF_RANK_34,61888,天河区东莞庄路168号,"('3', '4')","('91', '182')",gz0302h001
越秀·天悦云湖,https://gz.fang.anjuke.com/loupan/495298.html?from=AF_RANK_35,36000,8号线亭岗站B出口50米,"('3', '4')","('83', '119')",gz0503h001
五矿招商江天际,https://gz.fang.anjuke.com/loupan/501174.html?from=AF_RANK_36,45000,广海路地铁12&13号线槎头站约300米（在...,"('3', '4')","('78', '140')",gz0504h001
五矿招商江天际,https://gz.fang.anjuke.com/loupan/501174.html?from=AF_RANK_36,45000,广海路地铁12&13号线槎头站约300米（在...,"('3', '4')","('78', '140')",sz0802h002
越秀公交·天悦云山府,https://gz.fang.anjuke.com/loupan/516412.html?from=AF_RANK_37,34000,白云新城白云大道北87号越秀公交·天悦...,"('3', '5')","('90', '156')",gz0502h002
华润置地天河润府,https://gz.fang.anjuke.com/loupan/522106.html?from=AF_RANK_38,50980,天河区·广园快速路·天河儿童公园旁,"('3', '4')","('81', '130')",gz0301h003
越秀·天瀛,https://gz.fang.anjuke.com/loupan/505105.html?from=AF_RANK_40,28888,海龙路116号,"('3', '4')","('87', '127')",gz0201h005
中国铁建·招商蛇口·西派天河序,https://gz.fang.anjuke.com/loupan/523991.html?from=AF_RANK_41,79000,梅花园地铁站旁,"('-1', '-1')","('123', '240')",gz0302h002
龙湖亚伦·央璟颂,https://gz.fang.anjuke.com/loupan/529960.html?from=AF_RANK_42,-1,沙溪大道沙溪牌坊旁（18号线沙溪地铁站...,"('3', '4')","('95', '139')",gz0706h001
美林湖,https://gz.fang.anjuke.com/loupan/239166.html?from=AF_RANK_43,6600,山前大道168号,"('-1', '-1')","('73', '774')",gz0802h002
国贸云上,https://gz.fang.anjuke.com/loupan/523571.html?from=AF_RANK_44,50000,广州市白云区白云新城·嘉禾望岗TOD·...,"('3', '4')","('85', '143')",gz0505h001
祈福黄金海岸,https://gz.fang.anjuke.com/loupan/239306.html?from=AF_RANK_45,7888,培正学院旁,"('2', '3')","('73', '632')",gz0803h002
中新紫荆府,https://gz.fang.anjuke.com/loupan/483707.html?from=AF_RANK_46,11500,21号线坑贝地铁站B出口600米,"('2', '3')","('74', '123')",gz0902h001
卓越·珺奕府,https://sz.fang.anjuke.com/loupan/523096.html?from=AF_RANK_1,-1,布龙路与和平路交汇处西北侧,"('3', '4')","('83', '114')",sz0701h001
泰福名苑2期,https://sz.fang.anjuke.com/loupan/505891.html?from=AF_RANK_2,47000,航城街道107国道与凯成一路交汇处,"('2', '3')","('66', '135')",sz0401h001
中海云启源境,https://sz.fang.anjuke.com/loupan/529489.html?from=AF_RANK_3,-1,南山大道189号(同乐南地铁站A口步行48...,"('2', '3')","('90', '143')",sz0301h001
中海时光境,https://sz.fang.anjuke.com/loupan/521738.html?from=AF_RANK_4,41000,观光路与科林路交汇处,"('3', '4')","('82', '108')",sz0901h001
招商雍境,https://sz.fang.anjuke.com/loupan/530201.html?from=AF_RANK_6,-1,直线距离地铁12号线海上田园南站A出口...,"('3', '4')","('78', '117')",sz0402h001
中海寰宇珑宸,https://sz.fang.anjuke.com/loupan/513511.html?from=AF_RANK_7,31000,宝龙大道与夏莲路交汇处,"('3', '4')","('77', '114')",sz0501h001
中海新都荟,https://sz.fang.anjuke.com/loupan/523048.html?from=AF_RANK_8,29000,深汕路与爱南路交叉口东北侧（地铁16号...,"('-1', '-1')","('79', '89')",sz0501h002
岗宏翰林汇,https://sz.fang.anjuke.com/loupan/519153.html?from=AF_RANK_9,31000,溪南路与溪路路口交汇处东南角,"('2', '3')","('79', '139')",sz0502h001
中建壹品·湖北文旅·鹏宸云筑,https://sz.fang.anjuke.com/loupan/526464.html?from=AF_RANK_10,61225,华南路与民乐路交汇处西北侧,"('-1', '-1')","('104', '148')",sz0702h001
万丰海岸城瀚府二期,https://sz.fang.anjuke.com/loupan/517923.html?from=AF_RANK_11,55000,新桥街道南环路与沙井中心路交汇处,"('3', '4')","('100', '143')",sz0402h002
盛合天瑞家园,https://sz.fang.anjuke.com/loupan/528488.html?from=AF_RANK_12,-1,航城街道广深公路与拟建金德路交汇处,"('2', '3')","('80', '104')",sz0401h002
满京华·金硕和府,https://sz.fang.anjuke.com/loupan/527624.html?from=AF_RANK_13,47300,光辉大道与狮山三街交汇处·6号线光明...,"('3', '4')","('85', '119')",sz0902h001
康利乾城,https://sz.fang.anjuke.com/loupan/526176.html?from=AF_RANK_14,24500,布澜路15号,"('-1', '-1')","('26', '53')",sz0503h001
龙湖·御湖境,https://sz.fang.anjuke.com/loupan/521539.html?from=AF_RANK_15,35000,6号线薯田埔地铁站南侧300米（导航：龙...,"('3', '4')","('80', '120')",sz0903h001
中洲迎玺,https://sz.fang.anjuke.com/loupan/522739.html?from=AF_RANK_16,72450,龙华大道与民丰路交汇处,"('3', '4')","('82', '144')",sz0702h002
招商臻城,https://sz.fang.anjuke.com/loupan/500420.html?from=AF_RANK_17,43000,吉华街道联中路与联东路交汇处,"('3', '4')","('118', '177')",sz0504h001
京基璟誉府,https://sz.fang.anjuke.com/loupan/526914.html?from=AF_RANK_18,58000,东湖公园旁（5/7号线太安站E出口 5号线...,"('1', '2')","('50', '180')",sz0101h001
京基·华樾,https://sz.fang.anjuke.com/loupan/526838.html?from=AF_RANK_19,78800,红桂路与宝安南路交汇处东北侧,"('2', '3')","('95', '153')",sz0102h001
深铁前海时代尊府,https://sz.fang.anjuke.com/loupan/522543.html?from=AF_RANK_20,-1,梦海大道与桂湾四路交汇处东南角,"('-1', '-1')","('245', '285')",sz0302h001
招商雍云府,https://sz.fang.anjuke.com/loupan/519657.html?from=AF_RANK_21,42000,福城街道龙澜大道与福花路交汇处,"('2', '3')","('67', '110')",sz0703h001
观山海家园,https://sz.fang.anjuke.com/loupan/528080.html?from=AF_RANK_22,85600,招商兴海大道东侧，沿山路南侧,"('3', '4')","('95', '115')",sz0302h002
远洋城,https://sz.fang.anjuke.com/loupan/528147.html?from=AF_RANK_23,35753,昌元西路与山厦路交汇处,"('3', '4')","('79', '108')",sz0502h002
天健和郡府,https://sz.fang.anjuke.com/loupan/525586.html?from=AF_RANK_24,46926,创业一路与安乐三街交汇处,"('2', '3')","('69', '89')",sz0403h001
传承启元,https://sz.fang.anjuke.com/loupan/513137.html?from=AF_RANK_25,19000,科技路与翠景路交汇处西南角,"('3', '4')","('70', '118')",sz0801h001
深铁熙府人才房,https://sz.fang.anjuke.com/loupan/518567.html?from=AF_RANK_26,59394,招商街道兴海大道与赤湾路交汇处西北角,"('2', '3')","('70', '90')",sz0303h001
润珑苑人才房,https://sz.fang.anjuke.com/loupan/525493.html?from=AF_RANK_27,24788,规划东明大道以北，振发路以东,"('2', '3')","('69', '90')",sz0901h002
深圳前海·华发冰雪世界·华发新城,https://sz.fang.anjuke.com/loupan/518141.html?from=AF_RANK_28,30482,展景路与展林路交汇处,"('3', '4')","('85', '117')",sz0402h003
中海·深湾玖序,https://sz.fang.anjuke.com/loupan/524904.html?from=AF_RANK_29,143000,白石二道南面深湾二路西面,"('3', '4')","('196', '328')",sz0304h001
天健和瑞府,https://sz.fang.anjuke.com/loupan/520115.html?from=AF_RANK_30,28984,华夏路与双明大道交汇处,"('2', '3')","('69', '89')",sz0902h002
南山1978·半岛擎峯,https://sz.fang.anjuke.com/loupan/528516.html?from=AF_RANK_31,73000,招商赤湾六路北侧，港航路西侧,"('2', '3')","('113', '203')",sz0303h002
金地环湾城,https://sz.fang.anjuke.com/loupan/519144.html?from=AF_RANK_32,114143,福强路与沙嘴路交汇处（地铁7号线上沙...,"('2', '3')","('78', '270')",sz0201h001
颐峰名庭,https://sz.fang.anjuke.com/loupan/504427.html?from=AF_RANK_33,30000,龙岗街道新生社区龙凤路与笃行路交汇处,"('2', '3')","('65', '130')",sz0505h001
保利招商雍山郡,https://sz.fang.anjuke.com/loupan/513223.html?from=AF_RANK_34,36000,龙岗街道龙凤路与龙坪路交汇处东南侧,"('2', '3')","('69', '94')",sz0505h002
安居华越龙苑,https://sz.fang.anjuke.com/loupan/524167.html?from=AF_RANK_35,-1,新牛社区龙华大道东侧、中华路西侧、工...,"('-1', '-1')","('84', '90')",sz0702h003
山樾湾花园,https://sz.fang.anjuke.com/loupan/525751.html?from=AF_RANK_36,42640,前海路0005号,"('2', '3')","('70', '90')",sz0302h003
鸿荣源·珈誉府,https://sz.fang.anjuke.com/loupan/518069.html?from=AF_RANK_37,48515,地铁11号线塘尾站（宝安大道与凤塘大道...,"('3', '4')","('75', '199')",sz0402h004
拾悦城楠园,https://sz.fang.anjuke.com/loupan/519531.html?from=AF_RANK_38,40000,（地铁11号线沙井站）岗头路与寮丰交叉...,"('3', '4')","('86', '140')",sz0402h005
卓越闽泰·云奕府,https://sz.fang.anjuke.com/loupan/510943.html?from=AF_RANK_39,55000,航城街道广深公路（107国道）与机场南...,"('3', '4')","('85', '110')",sz0401h003
中建·观玥,https://sz.fang.anjuke.com/loupan/526670.html?from=AF_RANK_40,38000,观光路与光侨路交汇处东南侧,"('3', '4')","('80', '110')",sz0901h003
前海未来城,https://sz.fang.anjuke.com/loupan/527000.html?from=AF_RANK_41,43678,民主大道和德锦路交汇处,"('2', '3')","('63', '113')",sz0402h006
阳光香格里,https://sz.fang.anjuke.com/loupan/514995.html?from=AF_RANK_42,30000,新生片区龙坪大道与盐龙大道交汇处,"('2', '3')","('68', '106')",sz0505h003
自贸·湾啟紫荆,https://sz.fang.anjuke.com/loupan/528531.html?from=AF_RANK_43,108079,妈湾听海大道与妈湾一路交汇处西南角(...,"('3', '4')","('96', '142')",sz0302h004
天宸,https://sz.fang.anjuke.com/loupan/504830.html?from=AF_RANK_44,104800,滨河大道和中心二路交汇处,"('3', '4')","('128', '138')",sz0202h001
京基·天韵府,https://sz.fang.anjuke.com/loupan/518921.html?from=AF_RANK_45,66000,深圳地铁5号线布心地铁站D约200米出口,"('2', '3')","('70', '180')",sz0101h002
润宏城·润雅园,https://sz.fang.anjuke.com/loupan/522830.html?from=AF_RANK_46,39800,光明大道与松白路交汇处北侧,"('3', '4')","('81', '134')",sz0901h004
合正观澜汇三期,https://sz.fang.anjuke.com/loupan/511666.html?from=AF_RANK_47,46172,福城街道观澜大道与悦景路交汇处西北侧...,"('2', '3')","('71', '129')",sz0703h002
新世界临海揽山住宅,https://sz.fang.anjuke.com/loupan/462151.html?from=AF_RANK_48,122405,沿山路29号,"('2', '4')","('115', '287')",sz0303h003
盛璟润府,https://sz.fang.anjuke.com/loupan/503339.html?from=AF_RANK_49,50000,和平路以东、清龙路以南，深圳地铁4号...,"('2', '3')","('95', '203')",sz0704h001
深铁璟城人才房,https://sz.fang.anjuke.com/loupan/525475.html?from=AF_RANK_50,24000,松福大道和郎碧路交汇处地铁11号线碧头...,"('2', '3')","('70', '90')",sz0404h001
满京华·金硕华府,https://sz.fang.anjuke.com/loupan/521987.html?from=AF_RANK_51,46800,光辉大道与狮山三街交汇处·6号线光明...,"('3', '4')","('88', '141')",sz0902h003
万科未来之光,https://sz.fang.anjuke.com/loupan/514311.html?from=AF_RANK_52,71000,宝安中学实验学校旁约921米,"('3', '4')","('73', '125')",sz0405h001
深铁瑞城,https://sz.fang.anjuke.com/loupan/519399.html?from=AF_RANK_53,38000,甲子塘社区光侨路与科裕路交叉口西北侧...,"('-1', '-1')","('96', '100')",sz0901h005
招商前海瑧玺,https://sz.fang.anjuke.com/loupan/521550.html?from=AF_RANK_54,102500,前海石公园前湾河畔（距妈湾地铁站400...,"('3', '4')","('106', '128')",sz0302h005
中洲湾·迎海二期,https://sz.fang.anjuke.com/loupan/433329.html?from=AF_RANK_55,92400,沙头滨河大道与11号路交汇处,"('3', '4')","('96', '125')",sz0201h002
金地峰境誉府,https://sz.fang.anjuke.com/loupan/519345.html?from=AF_RANK_56,39800,光侨路与荟萃路交叉路口往西南约220米...,"('2', '3')","('83', '120')",sz0903h002
安居颢龙苑,https://sz.fang.anjuke.com/loupan/518580.html?from=AF_RANK_57,23100,宝龙三路与宝同路交汇处,"('2', '3')","('68', '88')",sz0501h003
京基宸悦府,https://sz.fang.anjuke.com/loupan/525429.html?from=AF_RANK_58,73500,地铁4/9号线上梅林站约300米,"('3', '4')","('110', '133')",sz0203h001
鸿荣源CITY X 观城,https://sz.fang.anjuke.com/loupan/529678.html?from=AF_RANK_59,-1,观澜地铁站,"('-1', '-1')","('-1', '-1')",sz0705h001
深铁阅云境广场,https://sz.fang.anjuke.com/loupan/526402.html?from=AF_RANK_60,46000,园山街道龙飞大道和龙岗大道交汇处,"('3', '4')","('96', '139')",sz0506h001
保利招商龙誉,https://sz.fang.anjuke.com/loupan/513704.html?from=AF_RANK_1,65000,民塘路与民丰路交汇口,"('3', '4')","('95', '125')",sz0704h002
云上润府,https://sz.fang.anjuke.com/loupan/518893.html?from=AF_RANK_2,44088,富桥大道与永昌路交汇处东北侧,"('3', '4')","('98', '138')",sz0406h001
珑门壹品,https://sz.fang.anjuke.com/loupan/527238.html?from=AF_RANK_3,38900,君子布街道环观南路与何地路交汇处,"('2', '3')","('68', '116')",sz0703h003
富宏大亼汇,https://sz.fang.anjuke.com/loupan/486623.html?from=AF_RANK_4,18000,沙井街道岗胜路58号,"('-1', '-1')","('40', '422')",sz0402h007
深业山水东城,https://sz.fang.anjuke.com/loupan/513541.html?from=AF_RANK_5,28000,锦龙大道和振碧路交汇处西南角,"('3', '4')","('86', '138')",sz0801h002
京基宸悦府·芯悦club,https://sz.fang.anjuke.com/loupan/527321.html?from=AF_RANK_6,46800,地铁4/9号线上梅林站约300米,"('-1', '-1')","('38', '70')",sz0203h002
总章翡翠公馆,https://sz.fang.anjuke.com/loupan/523499.html?from=AF_RANK_7,81000,珠光北路与留仙大道交汇处南侧,"('3', '4')","('115', '140')",sz0305h001
紫樾润府,https://sz.fang.anjuke.com/loupan/517221.html?from=AF_RANK_8,33000,福民路与坪山金田路交汇处东北侧,"('2', '3')","('69', '90')",gz0504h001
紫樾润府,https://sz.fang.anjuke.com/loupan/517221.html?from=AF_RANK_8,33000,福民路与坪山金田路交汇处东北侧,"('2', '3')","('69', '90')",sz0802h002
御景荟都,https://sz.fang.anjuke.com/loupan/512376.html?from=AF_RANK_9,17800,宝龙街道宝荷路御景荟都营销中心,"('-1', '-1')","('33', '75')",sz0501h004
阅臻府,https://sz.fang.anjuke.com/loupan/525066.html?from=AF_RANK_10,86000,海韵学校旁,"('3', '4')","('95', '138')",sz0403h002
中海明德里,https://sz.fang.anjuke.com/loupan/500131.html?from=AF_RANK_11,60000,华南实验学校北侧20米,"('3', '4')","('83', '113')",sz0702h004
龙岸·君粼,https://sz.fang.anjuke.com/loupan/516933.html?from=AF_RANK_12,80600,雅园路与华南路交汇处,"('2', '3')","('86', '176')",sz0702h005
珑樾山,https://sz.fang.anjuke.com/loupan/516310.html?from=AF_RANK_13,99300,北环大道7号线深云地铁站c出口150米处,"('3', '4')","('120', '268')",sz0306h001
绿城·桂语兰庭,https://sz.fang.anjuke.com/loupan/512652.html?from=AF_RANK_14,41760,竹华路狮山工业区西南侧约60米（6号线...,"('2', '3')","('65', '128')",sz0903h003
名居山河里2期,https://sz.fang.anjuke.com/loupan/517925.html?from=AF_RANK_15,38000,永湖地铁站A口南侧约200米,"('3', '4')","('93', '142')",sz0507h001
紫园云墅,https://sz.fang.anjuke.com/loupan/406061.html?from=AF_RANK_16,1700,龙平西路与黄阁路交汇处西侧,"('2', '3')","('69', '243')",sz0505h004
龙华金茂府,https://sz.fang.anjuke.com/loupan/434869.html?from=AF_RANK_17,115000,腾龙路与简上路交汇处北侧（地铁4号线...,"('4', '5')","('185', '510')",sz0704h003
珑逸府,https://sz.fang.anjuke.com/loupan/522615.html?from=AF_RANK_18,43000,龙岗大道与百鸽路交汇处东北侧,"('1', '2')","('42', '78')",sz0508h001
天健和悦府,https://sz.fang.anjuke.com/loupan/517893.html?from=AF_RANK_19,35000,石井街道绿荫南路与规划达民路交汇处,"('-1', '-1')","('75', '99')",sz0801h003
天健悦湾府,https://sz.fang.anjuke.com/loupan/515652.html?from=AF_RANK_20,96535,桂湾片区创新六街与创新二街交汇处,"('3', '4')","('113', '164')",sz0302h006
润璟里,https://sz.fang.anjuke.com/loupan/525322.html?from=AF_RANK_21,31000,百花实验学校旁,"('2', '3')","('78', '118')",sz0903h004
星河星寓,https://sz.fang.anjuke.com/loupan/525580.html?from=AF_RANK_22,22000,龙岗大道与永安路交汇处,"('-1', '-1')","('37', '65')",sz0507h002
鸿荣源尚云,https://sz.fang.anjuke.com/loupan/521102.html?from=AF_RANK_23,65123,壹方城旁,"('3', '4')","('82', '120')",sz0702h006
保利瑧誉府,https://sz.fang.anjuke.com/loupan/529761.html?from=AF_RANK_24,-1,新安街道罗田路与金科路交叉口西南侧,"('-1', '-1')","('-1', '-1')",sz0405h002
汉园茗院,https://sz.fang.anjuke.com/loupan/511083.html?from=AF_RANK_25,-1,留仙大道与长源二街交汇处（地铁5号线...,"('2', '3')","('110', '186')",sz0305h002
中信城开红树湾,https://sz.fang.anjuke.com/loupan/484486.html?from=AF_RANK_26,99298,红树林东侧香樟道与红花道交汇处,"('2', '3')","('76', '142')",sz0202h002
龙湖星玺·青云阙,https://sz.fang.anjuke.com/loupan/521597.html?from=AF_RANK_27,31900,龙岗街道清悦路南面协力路西面,"('3', '4')","('80', '113')",sz0505h005
锦绣时代广场,https://sz.fang.anjuke.com/loupan/519415.html?from=AF_RANK_28,28000,龙华区工业路与油松路交汇处,"('-1', '-1')","('27', '38')",sz0702h007
深业上林苑,https://sz.fang.anjuke.com/loupan/520160.html?from=AF_RANK_29,47000,八卦岭八卦路30号,"('-1', '-1')","('40', '97')",sz0204h001
万福花园,https://sz.fang.anjuke.com/loupan/505912.html?from=AF_RANK_30,69800,民治办事处合强路与布龙路交汇处东北侧,"('2', '3')","('78', '136')",sz0702h008
前海宸湾,https://sz.fang.anjuke.com/loupan/510468.html?from=AF_RANK_31,95000,港航路66号，地铁2号线和5号线赤湾地铁...,"('3', '4')","('109', '143')",sz0303h004
星河盛境瑞府,https://sz.fang.anjuke.com/loupan/529990.html?from=AF_RANK_32,35000,园山街道保安社区安红路与永湖路交汇处,"('3', '4')","('83', '113')",sz0507h003
深铁阅云境人才房,https://sz.fang.anjuke.com/loupan/529822.html?from=AF_RANK_33,-1,园山街道龙飞大道和龙岗大道交汇处,"('2', '3')","('66', '87')",sz0506h002
深物业澜湖时代,https://sz.fang.anjuke.com/loupan/521026.html?from=AF_RANK_34,39500,桂花路（桂花小学旁）,"('2', '3')","('73', '115')",sz0703h004
鸿荣源博誉府,https://sz.fang.anjuke.com/loupan/503071.html?from=AF_RANK_35,75810,龙华大道与民旺路交汇处,"('2', '3')","('85', '143')",sz0702h009
